-- phpMyAdmin SQL Dump
-- version 5.2.0
-- https://www.phpmyadmin.net/
--
-- Host: 127.0.0.1
-- Generation Time: Jun 17, 2022 at 03:46 AM
-- Server version: 10.4.24-MariaDB
-- PHP Version: 8.1.6

SET SQL_MODE = "NO_AUTO_VALUE_ON_ZERO";
START TRANSACTION;
SET time_zone = "+00:00";


/*!40101 SET @OLD_CHARACTER_SET_CLIENT=@@CHARACTER_SET_CLIENT */;
/*!40101 SET @OLD_CHARACTER_SET_RESULTS=@@CHARACTER_SET_RESULTS */;
/*!40101 SET @OLD_COLLATION_CONNECTION=@@COLLATION_CONNECTION */;
/*!40101 SET NAMES utf8mb4 */;

--
-- Database: `db_perpustakaan`
--

-- --------------------------------------------------------

--
-- Table structure for table `anggota`
--

CREATE TABLE `anggota` (
  `id_anggota` int(11) NOT NULL,
  `kode_anggota` varchar(9) NOT NULL,
  `nama_anggota` varchar(100) NOT NULL,
  `jk_anggota` char(1) NOT NULL,
  `jurusan_anggota` varchar(2) NOT NULL,
  `no_telp_anggota` varchar(13) NOT NULL,
  `alamat_anggota` varchar(100) NOT NULL
) ENGINE=InnoDB DEFAULT CHARSET=utf8;

--
-- Dumping data for table `anggota`
--

INSERT INTO `anggota` (`id_anggota`, `kode_anggota`, `nama_anggota`, `jk_anggota`, `jurusan_anggota`, `no_telp_anggota`, `alamat_anggota`) VALUES
(1, 'A1', 'Andy', 'L', 'IK', '08923211567', 'Jember'),
(2, 'A2', 'Rendy', 'L', 'KD', '0896018673511', 'Situbondo'),
(3, 'A3', 'Dina', 'P', 'IK', '089244114455', 'Lumajang'),
(4, 'A4', 'Fajar', 'L', 'IK', '089333111555', 'Bondowoso');

-- --------------------------------------------------------

--
-- Table structure for table `buku`
--

CREATE TABLE `buku` (
  `id_buku` int(11) NOT NULL,
  `kode_buku` char(5) NOT NULL,
  `judul_buku` varchar(50) NOT NULL,
  `penulis_buku` varchar(50) NOT NULL,
  `penerbit_buku` varchar(50) NOT NULL,
  `tahun_terbit` char(4) NOT NULL,
  `stok` int(11) NOT NULL
) ENGINE=InnoDB DEFAULT CHARSET=utf8;

--
-- Dumping data for table `buku`
--

INSERT INTO `buku` (`id_buku`, `kode_buku`, `judul_buku`, `penulis_buku`, `penerbit_buku`, `tahun_terbit`, `stok`) VALUES
(1, '10112', 'The Alchemist', 'Julian', 'Gramedia', '2017', 5),
(2, '10277', 'Hujan', 'Novi', 'Gramedia', '2019', 2),
(3, '10028', 'Laskar Pelangi', 'Tere Liye', 'Gramedia', '2004', 4);

-- --------------------------------------------------------

--
-- Table structure for table `peminjaman`
--

CREATE TABLE `peminjaman` (
  `id_peminjaman` int(11) NOT NULL,
  `tanggal_pinjam` date NOT NULL,
  `tanggal_kembali` date NOT NULL,
  `id_buku` int(11) NOT NULL,
  `id_anggota` int(11) NOT NULL,
  `id_petugas` int(11) NOT NULL
) ENGINE=InnoDB DEFAULT CHARSET=utf8;

--
-- Dumping data for table `peminjaman`
--

INSERT INTO `peminjaman` (`id_peminjaman`, `tanggal_pinjam`, `tanggal_kembali`, `id_buku`, `id_anggota`, `id_petugas`) VALUES
(1, '2022-06-01', '2022-06-04', 2, 1, 2),
(2, '2022-06-06', '2022-06-10', 3, 3, 1),
(3, '2022-06-20', '2022-06-25', 1, 4, 3);

-- --------------------------------------------------------

--
-- Table structure for table `pengembalian`
--

CREATE TABLE `pengembalian` (
  `id_pengembalian` int(11) NOT NULL,
  `tanggal_pengembalian` date NOT NULL,
  `denda` int(11) NOT NULL,
  `id_buku` int(11) NOT NULL,
  `id_anggota` int(11) NOT NULL,
  `id_petugas` int(11) NOT NULL
) ENGINE=InnoDB DEFAULT CHARSET=utf8;

--
-- Dumping data for table `pengembalian`
--

INSERT INTO `pengembalian` (`id_pengembalian`, `tanggal_pengembalian`, `denda`, `id_buku`, `id_anggota`, `id_petugas`) VALUES
(1, '2022-06-04', 0, 2, 1, 2),
(2, '2022-06-27', 2000, 1, 4, 3),
(3, '2022-06-09', 0, 3, 3, 1);

-- --------------------------------------------------------

--
-- Table structure for table `petugas`
--

CREATE TABLE `petugas` (
  `id_petugas` int(11) NOT NULL,
  `nama_petugas` varchar(50) NOT NULL,
  `jabatan_petugas` varchar(50) NOT NULL,
  `no_telp_petugas` char(13) NOT NULL,
  `alamat_petugas` varchar(100) NOT NULL
) ENGINE=InnoDB DEFAULT CHARSET=utf8;

--
-- Dumping data for table `petugas`
--

INSERT INTO `petugas` (`id_petugas`, `nama_petugas`, `jabatan_petugas`, `no_telp_petugas`, `alamat_petugas`) VALUES
(1, 'Noviandari', 'Kepala Perpustakaan', '089601601222', 'Jember'),
(2, 'Daffa', 'Supervisor Bidang Pelayanan', '089666688820', 'Bondowoso'),
(3, 'Putra', 'Supervisor Bidang Teknologi', '089601601500', 'Jember');

--
-- Indexes for dumped tables
--

--
-- Indexes for table `anggota`
--
ALTER TABLE `anggota`
  ADD PRIMARY KEY (`id_anggota`);

--
-- Indexes for table `buku`
--
ALTER TABLE `buku`
  ADD PRIMARY KEY (`id_buku`);

--
-- Indexes for table `peminjaman`
--
ALTER TABLE `peminjaman`
  ADD PRIMARY KEY (`id_peminjaman`),
  ADD KEY `peminjaman_buku` (`id_buku`),
  ADD KEY `peminjaman_anggota` (`id_anggota`),
  ADD KEY `peminjaman_petugas` (`id_petugas`);

--
-- Indexes for table `pengembalian`
--
ALTER TABLE `pengembalian`
  ADD PRIMARY KEY (`id_pengembalian`),
  ADD KEY `pengembalian_buku` (`id_buku`),
  ADD KEY `pengembalian_anggota` (`id_anggota`),
  ADD KEY `pengembalian_petugas` (`id_petugas`);

--
-- Indexes for table `petugas`
--
ALTER TABLE `petugas`
  ADD PRIMARY KEY (`id_petugas`);

--
-- AUTO_INCREMENT for dumped tables
--

--
-- AUTO_INCREMENT for table `anggota`
--
ALTER TABLE `anggota`
  MODIFY `id_anggota` int(11) NOT NULL AUTO_INCREMENT, AUTO_INCREMENT=5;

--
-- AUTO_INCREMENT for table `buku`
--
ALTER TABLE `buku`
  MODIFY `id_buku` int(11) NOT NULL AUTO_INCREMENT, AUTO_INCREMENT=4;

--
-- AUTO_INCREMENT for table `peminjaman`
--
ALTER TABLE `peminjaman`
  MODIFY `id_peminjaman` int(11) NOT NULL AUTO_INCREMENT, AUTO_INCREMENT=4;

--
-- AUTO_INCREMENT for table `pengembalian`
--
ALTER TABLE `pengembalian`
  MODIFY `id_pengembalian` int(11) NOT NULL AUTO_INCREMENT, AUTO_INCREMENT=4;

--
-- AUTO_INCREMENT for table `petugas`
--
ALTER TABLE `petugas`
  MODIFY `id_petugas` int(11) NOT NULL AUTO_INCREMENT, AUTO_INCREMENT=4;

--
-- Constraints for dumped tables
--

--
-- Constraints for table `peminjaman`
--
ALTER TABLE `peminjaman`
  ADD CONSTRAINT `peminjaman_anggota` FOREIGN KEY (`id_anggota`) REFERENCES `anggota` (`id_anggota`) ON DELETE CASCADE ON UPDATE CASCADE,
  ADD CONSTRAINT `peminjaman_buku` FOREIGN KEY (`id_buku`) REFERENCES `buku` (`id_buku`) ON DELETE CASCADE ON UPDATE CASCADE,
  ADD CONSTRAINT `peminjaman_petugas` FOREIGN KEY (`id_petugas`) REFERENCES `petugas` (`id_petugas`) ON DELETE CASCADE ON UPDATE CASCADE;

--
-- Constraints for table `pengembalian`
--
ALTER TABLE `pengembalian`
  ADD CONSTRAINT `pengembalian_anggota` FOREIGN KEY (`id_anggota`) REFERENCES `anggota` (`id_anggota`) ON DELETE CASCADE ON UPDATE CASCADE,
  ADD CONSTRAINT `pengembalian_buku` FOREIGN KEY (`id_buku`) REFERENCES `buku` (`id_buku`) ON DELETE CASCADE ON UPDATE CASCADE,
  ADD CONSTRAINT `pengembalian_petugas` FOREIGN KEY (`id_petugas`) REFERENCES `petugas` (`id_petugas`) ON DELETE CASCADE ON UPDATE CASCADE;
COMMIT;

/*!40101 SET CHARACTER_SET_CLIENT=@OLD_CHARACTER_SET_CLIENT */;
/*!40101 SET CHARACTER_SET_RESULTS=@OLD_CHARACTER_SET_RESULTS */;
/*!40101 SET COLLATION_CONNECTION=@OLD_COLLATION_CONNECTION */;
